{
  "adjacent_equal_or_longer_penalty": 120.0,
  "adjacent_shorter_bonus": 45.0,
  "base": 500.0,
  "center": 2.0,
  "food": 55.0,
  "food_urgency_health": 40.945850532144625,
  "hazard": 25.0,
  "hazard_damage": 1.0,
  "health": 0.7,
  "length": 18.0,
  "length_advantage": 5.0,
  "low_health_food": 120.0,
  "low_health_threshold": 35.0,
  "nearby_opponent_distance": 4.312807622370617,
  "opponent_low_health_food_denial": 0.0,
  "opponent_reachable_space": 0.3702722678633081,
  "opponent_safe_moves": 16.039385677528124,
  "pocket_space_per_length": 1.7103530103482665,
  "reachable_space": 4.0,
  "safe_moves": 35.0,
  "terminal_loss": -1000000.0,
  "terminal_win": 1000000.0,
  "territory_delta": 1.7859065094120152,
  "w_contested_food": 452.1004766508949,
  "w_escape": 55.325936661963354,
  "w_expected": 0.9033951660090619,
  "w_food_on_cell": 223.20469895113595,
  "w_food_route": 141.11568324194084,
  "w_losing_h2h": 981140.067799985,
  "w_pocket": 237.97372555409837,
  "w_space_log": 106.75416340037225,
  "w_space_ratio": 21.130140489160496,
  "w_winning_h2h": 131.60754352014945,
  "w_worst": 0.3466097984633911,
  "w_zero_escape": 431.8337024641978
}
