{
  "adjacent_equal_or_longer_penalty": 120.0,
  "adjacent_shorter_bonus": 45.0,
  "base": 500.0,
  "center": 2.0,
  "food": 55.0,
  "food_urgency_health": 26.06690774845463,
  "hazard": 25.0,
  "hazard_damage": 1.0,
  "health": 0.7,
  "length": 18.0,
  "length_advantage": 5.0,
  "low_health_food": 120.0,
  "low_health_threshold": 35.0,
  "nearby_opponent_distance": 2.806691545337101,
  "opponent_low_health_food_denial": 0.0,
  "opponent_reachable_space": 0.22527449501678923,
  "opponent_safe_moves": 26.213057618920736,
  "pocket_space_per_length": 1.9583885545066404,
  "reachable_space": 4.0,
  "safe_moves": 35.0,
  "terminal_loss": -1000000.0,
  "terminal_win": 1000000.0,
  "territory_delta": 1.5929437053687334,
  "w_contested_food": 537.5724004886563,
  "w_escape": 73.01729135878779,
  "w_expected": 0.9689609000660646,
  "w_food_on_cell": 299.49531231126576,
  "w_food_route": 227.82484655743104,
  "w_losing_h2h": 893412.0045994517,
  "w_pocket": 606.598196752109,
  "w_space_log": 77.79952998896476,
  "w_space_ratio": 16.151019864561057,
  "w_winning_h2h": 146.8920317041263,
  "w_worst": 0.37931599622514295,
  "w_zero_escape": 787.0676758761093
}
